Date,ID,SubjectCode,Amount,Remarks,Subject,Year,Month,YearMonth
2024-03-01,202403011000,100,-38775,Carry over 100,Cash,2024,3,2024-03
2024-03-01,202403011011,101,17560,Carry over 101,UFJ,2024,3,2024-03
2024-03-01,202403011021,102,47486,Carry over 102,SBI,2024,3,2024-03
2024-03-01,202403011111,111,60331,Carry over 111,SBIStocksNISA,2024,3,2024-03
2024-03-01,202403011301,130,901,Carry over 130,Borrowings,2024,3,2024-03
2024-03-01,202403012011,201,6034,Carry over 201,JCB Card Debt,2024,3,2024-03
2024-03-01,202403013000,300,-87537,Carry over 300,Total Equity,2024,3,2024-03
2024-03-02,202403020010,500,-850,Shogo 001,Groceries,2024,3,2024-03
2024-03-02,202403020011,530,850,Shogo 001,Entertainment,2024,3,2024-03
2024-03-02,202403020020,101,-1850,PayPay 002,UFJ,2024,3,2024-03
2024-03-02,202403020021,500,1850,PayPay 002,Groceries,2024,3,2024-03
2024-03-03,202403030010,201,-2000,Starbucks 001,JCB Card Debt,2024,3,2024-03
2024-03-03,202403030011,500,2000,Starbucks 001,Groceries,2024,3,2024-03
2024-03-03,202403030020,101,-2145,Tempura 002,UFJ,2024,3,2024-03
2024-03-03,202403030021,531,2145,Tempura 002,Eating Out,2024,3,2024-03
2024-03-03,202403030030,101,-2896,Plug 003,UFJ,2024,3,2024-03
2024-03-03,202403030031,513,2896,Plug 003,Household Goods,2024,3,2024-03
2024-03-04,202403040010,100,-12000,Malaysia cash 001,Cash,2024,3,2024-03
2024-03-04,202403040011,530,12000,Malaysia cash 001,Entertainment,2024,3,2024-03
2024-03-04,202403040020,101,-12637,Maleysia 002,UFJ,2024,3,2024-03
2024-03-04,202403040021,530,12637,Maleysia 002,Entertainment,2024,3,2024-03
2024-03-04,202403040910,101,-45000,Fund transfer 091,UFJ,2024,3,2024-03
2024-03-04,202403040911,100,45000,Fund transfer 091,Cash,2024,3,2024-03
2024-03-04,202403040920,130,-14100,OKUIBUKI 092,Borrowings,2024,3,2024-03
2024-03-04,202403040921,101,14100,OKUIBUKI 092,UFJ,2024,3,2024-03
2024-03-04,202403040990,100,-10000,Fund transfer 099,Cash,2024,3,2024-03
2024-03-04,202403040991,102,10000,Fund transfer 099,SBI,2024,3,2024-03
2024-03-08,202403080010,100,-100,Uji park 001,Cash,2024,3,2024-03
2024-03-08,202403080011,530,100,Uji park 001,Entertainment,2024,3,2024-03
2024-03-08,202403080020,101,-3190,Sleepbag 002,UFJ,2024,3,2024-03
2024-03-08,202403080021,532,3190,Sleepbag 002,Entertaining Equipments,2024,3,2024-03
2024-03-08,202403080030,101,-990,Cable 003,UFJ,2024,3,2024-03
2024-03-08,202403080031,513,990,Cable 003,Household Goods,2024,3,2024-03
2024-03-08,202403080040,101,-890,Malaysia sur 004,UFJ,2024,3,2024-03
2024-03-08,202403080041,550,890,Malaysia sur 004,Social Expenses,2024,3,2024-03
2024-03-08,202403080050,101,-713,Grocery 005,UFJ,2024,3,2024-03
2024-03-08,202403080051,500,713,Grocery 005,Groceries,2024,3,2024-03
2024-03-09,202403090010,101,-2604,Bikkuri donky001,UFJ,2024,3,2024-03
2024-03-09,202403090011,531,2604,Bikkuri donky001,Eating Out,2024,3,2024-03
2024-03-09,202403090020,101,-1570,Komeda002,UFJ,2024,3,2024-03
2024-03-09,202403090021,531,1570,Komeda002,Eating Out,2024,3,2024-03
2024-03-09,202403090030,101,-3548,Arima Spring003,UFJ,2024,3,2024-03
2024-03-09,202403090031,530,3548,Arima Spring003,Entertainment,2024,3,2024-03
2024-03-09,202403090040,100,-1000,MINOO Shoten 004,Cash,2024,3,2024-03
2024-03-09,202403090041,531,1000,MINOO Shoten 004,Eating Out,2024,3,2024-03
2024-03-10,202403100010,101,-640,Park 001,UFJ,2024,3,2024-03
2024-03-10,202403100011,530,640,Park 001,Entertainment,2024,3,2024-03
2024-03-10,202403100020,201,-13850,Times 002,JCB Card Debt,2024,3,2024-03
2024-03-10,202403100021,530,13850,Times 002,Entertainment,2024,3,2024-03
2024-03-10,202403100030,100,-6500,T Summit 003,Cash,2024,3,2024-03
2024-03-10,202403100031,550,6500,T Summit 003,Social Expenses,2024,3,2024-03
2024-03-10,202403100040,201,-720,Mcdou 004,JCB Card Debt,2024,3,2024-03
2024-03-10,202403100041,500,720,Mcdou 004,Groceries,2024,3,2024-03
2024-03-10,202403100050,101,-1766,Kaikatsu cafe 005,UFJ,2024,3,2024-03
2024-03-10,202403100051,511,1766,Kaikatsu cafe 005,Rent/Mortgage,2024,3,2024-03
2024-03-11,202403110010,101,-1688,Kaikatsu cafe 001,UFJ,2024,3,2024-03
2024-03-11,202403110011,511,1688,Kaikatsu cafe 001,Rent/Mortgage,2024,3,2024-03
2024-03-11,202403110030,101,-574,Anker cable 003,UFJ,2024,3,2024-03
2024-03-11,202403110031,513,574,Anker cable 003,Household Goods,2024,3,2024-03
2024-03-11,202403110050,201,-475,Snack 005,JCB Card Debt,2024,3,2024-03
2024-03-11,202403110051,501,475,Snack 005,Snacks,2024,3,2024-03
2024-03-11,202403110060,100,-277,Grocery 006,Cash,2024,3,2024-03
2024-03-11,202403110061,500,277,Grocery 006,Groceries,2024,3,2024-03
2024-03-11,202403110400,101,-45933,JCB direct debit 040,UFJ,2024,3,2024-03
2024-03-11,202403110401,201,45933,JCB direct debit 040,JCB Card Debt,2024,3,2024-03
2024-03-11,202403110910,102,-4000,Fund transfer 091,SBI,2024,3,2024-03
2024-03-11,202403110911,101,4000,Fund transfer 091,UFJ,2024,3,2024-03
2024-03-11,202403110990,100,-30000,Fund transfer 099,Cash,2024,3,2024-03
2024-03-11,202403110991,101,30000,Fund transfer 099,UFJ,2024,3,2024-03
2024-03-12,202403120010,100,-950,Gapao 001,Cash,2024,3,2024-03
2024-03-12,202403120011,500,950,Gapao 001,Groceries,2024,3,2024-03
2024-03-12,202403120020,201,-4312,White day 002,JCB Card Debt,2024,3,2024-03
2024-03-12,202403120021,550,4312,White day 002,Social Expenses,2024,3,2024-03
2024-03-12,202403120030,201,-176,Snack 003,JCB Card Debt,2024,3,2024-03
2024-03-12,202403120031,501,176,Snack 003,Snacks,2024,3,2024-03
2024-03-14,202403140010,100,-410,Black curry pan 001,Cash,2024,3,2024-03
2024-03-14,202403140011,530,410,Black curry pan 001,Entertainment,2024,3,2024-03
2024-03-15,202403150010,400,-72661,Cram Salary 001,Salary,2024,3,2024-03
2024-03-15,202403150011,101,72661,Cram Salary 001,UFJ,2024,3,2024-03
2024-03-15,202403150020,101,-1045,Hakone 002,UFJ,2024,3,2024-03
2024-03-15,202403150021,550,1045,Hakone 002,Social Expenses,2024,3,2024-03
2024-03-15,202403150500,101,-480,SPOTIFY 050,UFJ,2024,3,2024-03
2024-03-15,202403150501,530,480,SPOTIFY 050,Entertainment,2024,3,2024-03
2024-03-15,202403150700,201,-2000,ICOCA Charge 070,JCB Card Debt,2024,3,2024-03
2024-03-15,202403150701,521,2000,ICOCA Charge 070,Transportation,2024,3,2024-03
2024-03-16,202403160030,101,-1000,Photo 003,UFJ,2024,3,2024-03
2024-03-16,202403160031,513,1000,Photo 003,Household Goods,2024,3,2024-03
2024-03-17,202403170010,201,-1000,Starbucks 001,JCB Card Debt,2024,3,2024-03
2024-03-17,202403170011,500,1000,Starbucks 001,Groceries,2024,3,2024-03
2024-03-17,202403170020,100,-1410,Takei 002,Cash,2024,3,2024-03
2024-03-17,202403170021,531,1410,Takei 002,Eating Out,2024,3,2024-03
2024-03-17,202403170040,101,-3740,Katsuo 004,UFJ,2024,3,2024-03
2024-03-17,202403170041,500,1870,Katsuo 004,Groceries,2024,3,2024-03
2024-03-17,202403170050,201,-216,Snack 005,JCB Card Debt,2024,3,2024-03
2024-03-17,202403170050,501,-145,Snack 005,Snacks,2024,3,2024-03
2024-03-17,202403170051,501,216,Snack 005,Snacks,2024,3,2024-03
2024-03-17,202403170051,500,145,Snack 005,Groceries,2024,3,2024-03
2024-03-17,202403170060,101,-8117,Lovehotel 006,UFJ,2024,3,2024-03
2024-03-17,202403170061,530,8117,Lovehotel 006,Entertainment,2024,3,2024-03
2024-03-18,202403180010,400,-12815,Kawakita Salary 001,Salary,2024,3,2024-03
2024-03-18,202403180011,100,12815,Kawakita Salary 001,Cash,2024,3,2024-03
2024-03-18,202403180020,101,-4972,PitaPa 002,UFJ,2024,3,2024-03
2024-03-18,202403180021,521,4972,PitaPa 002,Transportation,2024,3,2024-03
2024-03-19,202403190011,100,201,T summit present 001,Cash,2024,3,2024-03
2024-03-19,202403190020,201,-1870,rekka times002,JCB Card Debt,2024,3,2024-03
2024-03-19,202403190200,100,-330,rekka020,Cash,2024,3,2024-03
2024-03-19,202403190201,530,2200,rekka020,Entertainment,2024,3,2024-03
2024-03-19,202403190300,130,-2400,Rekka030,Borrowings,2024,3,2024-03
2024-03-19,202403190301,100,800,Rekka030,Cash,2024,3,2024-03
2024-03-19,202403190301,500,1600,Rekka030,Groceries,2024,3,2024-03
2024-03-19,202403190400,500,-970,Rekka 040,Groceries,2024,3,2024-03
2024-03-19,202403190401,531,970,Rekka 040,Eating Out,2024,3,2024-03
2024-03-19,202403190500,201,-11841,ZOZO 050,JCB Card Debt,2024,3,2024-03
2024-03-19,202403190501,542,8841,ZOZO 050,Clothing,2024,3,2024-03
2024-03-19,202403190501,550,3000,ZOZO presetn050,Social Expenses,2024,3,2024-03
2024-03-19,202403190900,490,-133,JCB Campaign 090,Other Income,2024,3,2024-03
2024-03-19,202403190901,201,133,JCB Campaign 090,JCB Card Debt,2024,3,2024-03
2024-03-21,202403210010,101,-3800,Kawakita goodby001,UFJ,2024,3,2024-03
2024-03-21,202403210010,100,-17000,Kawakita goodby001,Cash,2024,3,2024-03
2024-03-21,202403210011,590,14000,Kawakita goodby001,Special Expenses,2024,3,2024-03
2024-03-21,202403210011,550,6800,Kawakita goodby001,Social Expenses,2024,3,2024-03
2024-03-21,202403210990,101,-5000,Fund transfer 099,UFJ,2024,3,2024-03
2024-03-21,202403210991,100,5000,Fund transfer 099,Cash,2024,3,2024-03
2024-03-23,202403230010,100,-1820,Un known 001,Cash,2024,3,2024-03
2024-03-23,202403230011,599,1820,Un known 001,Adjustments,2024,3,2024-03
2024-03-23,202403230700,201,-1000,ICOCA Charge 070,JCB Card Debt,2024,3,2024-03
2024-03-23,202403230701,521,1000,ICOCA Charge 070,Transportation,2024,3,2024-03
2024-03-24,202403240010,100,-900,Mitsuya 001,Cash,2024,3,2024-03
2024-03-24,202403240011,531,900,Mitsuya 001,Eating Out,2024,3,2024-03
2024-03-24,202403240020,101,-2600,Sushi TENMA 002,UFJ,2024,3,2024-03
2024-03-24,202403240021,531,2600,Sushi TENMA 002,Eating Out,2024,3,2024-03
2024-03-25,202403250020,400,-43250,Kawakita Salary002,Salary,2024,3,2024-03
2024-03-25,202403250021,100,43250,Kawakita Salary002,Cash,2024,3,2024-03
2024-03-25,202403250900,490,-205,Refund 090,Other Income,2024,3,2024-03
2024-03-25,202403250901,101,205,Refund 090,UFJ,2024,3,2024-03
2024-03-26,202403260010,101,-1000,PayPay001,UFJ,2024,3,2024-03
2024-03-26,202403260011,500,1000,PayPay001,Groceries,2024,3,2024-03
2024-03-26,202403260020,101,-1290,UNIQLO 002,UFJ,2024,3,2024-03
2024-03-26,202403260021,542,1290,UNIQLO 002,Clothing,2024,3,2024-03
2024-03-26,202403260030,100,-3985,Kushikatu TANAKA 003,Cash,2024,3,2024-03
2024-03-26,202403260031,531,3985,Kushikatu TANAKA 003,Eating Out,2024,3,2024-03
2024-03-26,202403260990,100,-35000,Fund transfer 099,Cash,2024,3,2024-03
2024-03-26,202403260991,101,35000,Fund transfer 099,UFJ,2024,3,2024-03
2024-03-27,202403270010,101,-16200,COOP 001,UFJ,2024,3,2024-03
2024-03-27,202403270011,572,16200,COOP 001,Other Insurance Premiums,2024,3,2024-03
2024-03-27,202403270020,201,-736,Family mart 002,JCB Card Debt,2024,3,2024-03
2024-03-27,202403270021,501,736,Family mart 002,Snacks,2024,3,2024-03
2024-03-27,202403270920,490,-982,KTMB 092,Other Income,2024,3,2024-03
2024-03-27,202403270921,101,982,KTMB 092,UFJ,2024,3,2024-03
2024-03-27,202403270990,101,-10000,Fund transfer 099,UFJ,2024,3,2024-03
2024-03-27,202403270991,102,10000,Fund transfer 099,SBI,2024,3,2024-03
2024-03-29,202403290010,101,-1100,Ramen TAKAKATSU 001,UFJ,2024,3,2024-03
2024-03-29,202403290011,531,1100,Ramen TAKAKATSU 001,Eating Out,2024,3,2024-03
2024-03-29,202403290020,201,-1100,Times 002,JCB Card Debt,2024,3,2024-03
2024-03-29,202403290020,530,-500,Times 002,Entertainment,2024,3,2024-03
2024-03-29,202403290021,500,500,Times 002,Groceries,2024,3,2024-03
2024-03-29,202403290021,530,1100,Times 002,Entertainment,2024,3,2024-03
2024-03-29,202403290030,201,-312,Lawson 003,JCB Card Debt,2024,3,2024-03
2024-03-29,202403290031,501,312,Lawson 003,Snacks,2024,3,2024-03
2024-03-30,202403300010,101,-1000,PayPay 001,UFJ,2024,3,2024-03
2024-03-30,202403300011,500,1000,PayPay 001,Groceries,2024,3,2024-03
2024-03-31,202403313000,300,-93537,Carryover 300,Total Equity,2024,3,2024-03
2024-03-31,202403316001,600,18571,Carryover 600,Profit and Loss,2024,3,2024-03
2024-04-01,202404010010,100,-2800,DAIKITI 001,Cash,2024,4,2024-04
2024-04-01,202404010011,531,2800,DAIKITI 001,Eating Out,2024,4,2024-04
2024-04-01,202404010030,201,-55740,METROCK 003,JCB Card Debt,2024,4,2024-04
2024-04-01,202404010031,530,13740,METROCK 003,Entertainment,2024,4,2024-04
2024-04-01,202404010031,130,42000,METROCK 003,Borrowings,2024,4,2024-04
2024-04-01,202404010210,201,-5130,DAIKITI times 021,JCB Card Debt,2024,4,2024-04
2024-04-01,202404010211,130,3000,DAIKITI times 021,Borrowings,2024,4,2024-04
2024-04-01,202404010221,530,2130,DAIKITI times022,Entertainment,2024,4,2024-04
2024-04-01,202404011000,100,-53391,Carryover 100,Cash,2024,4,2024-04
2024-04-01,202404011010,101,-15470,Carryover 101,UFJ,2024,4,2024-04
2024-04-01,202404011021,102,63486,Carryover 102,SBI,2024,4,2024-04
2024-04-01,202404011111,111,60331,Carryover 111,SBIStocksNISA,2024,4,2024-04
2024-04-01,202404011300,130,-15599,Carryover 130,Borrowings,2024,4,2024-04
2024-04-01,202404012011,201,10492,Carryover 201,JCB Card Debt,2024,4,2024-04
2024-04-01,202404013000,300,-93537,Carryover 300,Total Equity,2024,4,2024-04
2024-04-03,202404030010,101,-2000,PayPay 001,UFJ,2024,4,2024-04
2024-04-03,202404030011,500,2000,PayPay 001,Groceries,2024,4,2024-04
2024-04-06,202404060010,100,-775,Thigh001,Cash,2024,4,2024-04
2024-04-06,202404060011,500,775,Thigh001,Groceries,2024,4,2024-04
2024-04-06,202404060990,102,-2000,Fund transfer 099,SBI,2024,4,2024-04
2024-04-06,202404060991,100,2000,Fund transfer 099,Cash,2024,4,2024-04
2024-04-08,202404080700,201,-2000,ICOCA Charge 070,JCB Card Debt,2024,4,2024-04
2024-04-08,202404080701,521,2000,ICOCA Charge 070,Transportation,2024,4,2024-04
2024-04-09,202404090010,100,-170,cycle park001,Cash,2024,4,2024-04
2024-04-09,202404090011,521,170,cycle park001,Transportation,2024,4,2024-04
2024-04-10,202404105990,101,-59565,JCB direct debit 599,UFJ,2024,4,2024-04
2024-04-10,202404105991,201,59565,JCB direct debit 599,JCB Card Debt,2024,4,2024-04
2024-04-11,202404110010,100,-2050,MINOO Shoten001,Cash,2024,4,2024-04
2024-04-11,202404110011,531,2050,MINOO Shoten001,Eating Out,2024,4,2024-04
2024-04-11,202404110020,101,-900,Suishun 002,UFJ,2024,4,2024-04
2024-04-11,202404110021,530,900,Suishun 002,Entertainment,2024,4,2024-04
2024-04-13,202404130010,101,-1000,PayPay 001,UFJ,2024,4,2024-04
2024-04-13,202404130011,500,1000,PayPay 001,Groceries,2024,4,2024-04
2024-04-15,202404150400,400,-71194,Cram Salary 040,Salary,2024,4,2024-04
2024-04-15,202404150401,101,71194,Cram Salary 040,UFJ,2024,4,2024-04
2024-04-15,202404150500,101,-980,SPOTIFY 050,UFJ,2024,4,2024-04
2024-04-15,202404150501,530,980,SPOTIFY 050,Entertainment,2024,4,2024-04
2024-04-15,202404150990,101,-15000,fund transfer 099,UFJ,2024,4,2024-04
2024-04-15,202404150991,102,15000,fund transfer 099,SBI,2024,4,2024-04
2024-04-16,202404160010,100,-1410,yakiniku 001,Cash,2024,4,2024-04
2024-04-16,202404160011,531,1410,yakiniku 001,Eating Out,2024,4,2024-04
2024-04-16,202404160020,101,-3000,PayPay 002,UFJ,2024,4,2024-04
2024-04-16,202404160021,531,3000,PayPay 002,Eating Out,2024,4,2024-04
2024-04-16,202404160030,101,-3100,salon 003,UFJ,2024,4,2024-04
2024-04-16,202404160031,542,3100,salon 003,Clothing,2024,4,2024-04
2024-04-16,202404160990,102,-2000,fund transfer 099,SBI,2024,4,2024-04
2024-04-16,202404160991,111,2000,fund transfer 099,SBIStocksNISA,2024,4,2024-04
2024-04-17,202404170010,101,-5595,Coffees 001,UFJ,2024,4,2024-04
2024-04-17,202404170011,513,5595,Coffees 001,Household Goods,2024,4,2024-04
2024-04-18,202404180020,130,-1500,KUWABARA daikiti002,Borrowings,2024,4,2024-04
2024-04-18,202404180021,100,1500,KUWABARA daikiti002,Cash,2024,4,2024-04
2024-04-18,202404180990,101,-86,KTMB 099,UFJ,2024,4,2024-04
2024-04-18,202404180991,599,86,KTMB 099,Adjustments,2024,4,2024-04
2024-04-19,202404190010,101,-1110,Coffees 001,UFJ,2024,4,2024-04
2024-04-19,202404190011,513,1110,Coffees 001,Household Goods,2024,4,2024-04
2024-04-19,202404190530,101,-300,Amazon Prime 053,UFJ,2024,4,2024-04
2024-04-19,202404190531,598,300,Amazon Prime 053,Miscellaneous Expenses,2024,4,2024-04
2024-04-20,202404200010,101,-1880,Mac dou 001,UFJ,2024,4,2024-04
2024-04-20,202404200011,100,1880,Mac dou 001,Cash,2024,4,2024-04
2024-04-21,202404210800,101,-2750,AXIS 080,UFJ,2024,4,2024-04
2024-04-21,202404210801,580,2750,AXIS 080,Self-Investment,2024,4,2024-04
2024-04-22,202404220700,201,-1000,ICOCA Charge 070,JCB Card Debt,2024,4,2024-04
2024-04-22,202404220701,521,1000,ICOCA Charge 070,Transportation,2024,4,2024-04
2024-04-23,202404230010,100,-3000,conan 001,Cash,2024,4,2024-04
2024-04-23,202404230011,101,1500,conan 001,UFJ,2024,4,2024-04
2024-04-24,202404240010,101,-2000,MarPitaPa001,UFJ,2024,4,2024-04
2024-04-24,202404240011,521,2000,MarPitaPa001,Transportation,2024,4,2024-04
2024-04-25,202404250010,101,-3900,Hotel tryado 001,UFJ,2024,4,2024-04
2024-04-25,202404250011,530,3900,Hotel tryado 001,Entertainment,2024,4,2024-04
2024-04-25,202404250020,201,-4890,Times 002,JCB Card Debt,2024,4,2024-04
2024-04-25,202404250021,541,4890,Times 002,Automobile Expenses,2024,4,2024-04
2024-04-25,202404254900,490,-79,refund 490,Other Income,2024,4,2024-04
2024-04-25,202404254901,101,79,refund 490,UFJ,2024,4,2024-04
2024-04-26,202404260010,101,-1000,PayPay 001,UFJ,2024,4,2024-04
2024-04-26,202404260011,500,1000,PayPay 001,Groceries,2024,4,2024-04
2024-04-26,202404260980,101,-10000,fund transfer 098,UFJ,2024,4,2024-04
2024-04-26,202404260981,102,10000,fund transfer 098,SBI,2024,4,2024-04
2024-04-26,202404260990,102,-2000,fund transfer 099,SBI,2024,4,2024-04
2024-04-26,202404260991,100,2000,fund transfer 099,Cash,2024,4,2024-04
2024-04-30,202404303000,300,-91807,Carryover 300,Total Equity,2024,4,2024-04
2024-04-30,202404306001,600,34012,Carryover 600,Profit and Loss,2024,4,2024-04
2024-05-01,202405010900,102,-3000,fund transfer 090,SBI,2024,5,2024-05
2024-05-01,202405010901,111,3000,fund transfer 090,SBIStocksNISA,2024,5,2024-05
2024-05-01,202405011000,100,-56216,Carryover 100,Cash,2024,5,2024-05
2024-05-01,202405011010,101,-56863,Carryover 101,UFJ,2024,5,2024-05
2024-05-01,202405011021,102,82486,Carryover 102,SBI,2024,5,2024-05
2024-05-01,202405011111,111,62331,Carryover 111,SBIStocksNISA,2024,5,2024-05
2024-05-01,202405011301,130,27901,Carryover 130,Borrowings,2024,5,2024-05
2024-05-01,202405012011,201,1297,Carryover 201,JCB Card Debt,2024,5,2024-05
2024-05-01,202405013000,300,-91807,Carryover 300,Total Equity,2024,5,2024-05
2024-05-02,202405020010,130,-3000,Yoshihiro DAIKICHI 001,Borrowings,2024,5,2024-05
2024-05-02,202405020011,100,3000,Yoshihiro DAIKICHI 001,Cash,2024,5,2024-05
2024-05-02,202405020020,531,-2700,Kyoto Goout 002,Eating Out,2024,5,2024-05
2024-05-02,202405020021,530,2700,Kyoto Goout 002,Entertainment,2024,5,2024-05
2024-05-02,202405020030,101,-1200,PayPay 003,UFJ,2024,5,2024-05
2024-05-02,202405020031,500,1200,PayPay 003,Groceries,2024,5,2024-05
2024-05-02,202405020040,101,-2200,Kyocera Art 004,UFJ,2024,5,2024-05
2024-05-02,202405020041,581,2200,Kyocera Art 004,Self-Development,2024,5,2024-05
2024-05-06,202405060010,101,-1024,SUGI Shampoo 001,UFJ,2024,5,2024-05
2024-05-06,202405060011,513,1024,SUGI Shampoo 001,Household Goods,2024,5,2024-05
2024-05-06,202405060990,101,-52000,fund transfer 099,UFJ,2024,5,2024-05
2024-05-06,202405060991,100,52000,fund transfer 099,Cash,2024,5,2024-05
2024-05-06,202405064100,400,-62595,Kawakita 410,Salary,2024,5,2024-05
2024-05-06,202405064101,100,62595,Kawakita 410,Cash,2024,5,2024-05
2024-05-07,202405070010,100,-3200,Tokuda 001,Cash,2024,5,2024-05
2024-05-07,202405070011,531,3200,Tokuda 001,Eating Out,2024,5,2024-05
2024-05-07,202405070200,101,-1000,PayPay 020,UFJ,2024,5,2024-05
2024-05-07,202405070201,500,1000,PayPay 020,Groceries,2024,5,2024-05
2024-05-09,202405090200,130,-28000,METROCK 020,Borrowings,2024,5,2024-05
2024-05-09,202405090201,130,28000,METROCK 020,Borrowings,2024,5,2024-05
2024-05-09,202405090990,100,-30000,Fund transfer 099,Cash,2024,5,2024-05
2024-05-09,202405090991,101,30000,Fund transfer 099,UFJ,2024,5,2024-05
2024-05-10,202405105990,201,-79812,JCB direct debit 599,JCB Card Debt,2024,5,2024-05
2024-05-11,202405110010,100,-2130,Grill ron 001,Cash,2024,5,2024-05
2024-05-11,202405110011,531,2130,Grill ron 001,Eating Out,2024,5,2024-05
2024-05-11,202405110020,101,-110,DAISO 002,UFJ,2024,5,2024-05
2024-05-11,202405110021,513,110,DAISO 002,Household Goods,2024,5,2024-05
2024-05-11,202405110030,101,-4290,Workshirt 003,UFJ,2024,5,2024-05
2024-05-11,202405110031,542,4290,Workshirt 003,Clothing,2024,5,2024-05
2024-05-12,202405120100,200,-2250,Bikkuri Donky 010,Credit Card Debt,2024,5,2024-05
2024-05-12,202405120100,101,-4548,METROCK 010,UFJ,2024,5,2024-05
2024-05-12,202405120101,530,4548,METROCK 010,Entertainment,2024,5,2024-05
2024-05-12,202405120101,531,2250,Bikkuri Donky 010,Eating Out,2024,5,2024-05
2024-05-13,202405130020,201,-7870,METROCK Car 002,JCB Card Debt,2024,5,2024-05
2024-05-13,202405130021,130,5000,METROCK Car 002,Borrowings,2024,5,2024-05
2024-05-13,202405130021,530,2870,METROCK Car 002,Entertainment,2024,5,2024-05
2024-05-15,202405150500,101,-480,SPOTIFY 050,UFJ,2024,5,2024-05
2024-05-15,202405150501,530,480,SPOTIFY 050,Entertainment,2024,5,2024-05
2024-05-15,202405154000,400,-146449,Cram Salary 400,Salary,2024,5,2024-05
2024-05-15,202405154001,101,146449,Cram Salary 400,UFJ,2024,5,2024-05
2024-05-16,202405160010,100,-3750,Cram MEN NOMIKAI 001,Cash,2024,5,2024-05
2024-05-16,202405160011,531,3750,Cram MEN NOMIKAI 001,Eating Out,2024,5,2024-05
2024-05-16,202405160200,130,-5000,METROCK 020,Borrowings,2024,5,2024-05
2024-05-16,202405160200,100,-250,Cloak 020,Cash,2024,5,2024-05
2024-05-16,202405160200,101,-1000,PayPay 020,UFJ,2024,5,2024-05
2024-05-16,202405160201,530,250,Cloak 020,Entertainment,2024,5,2024-05
2024-05-16,202405160201,100,5000,METROCK 020,Cash,2024,5,2024-05
2024-05-16,202405160201,500,1000,PayPay 020,Groceries,2024,5,2024-05
2024-05-16,202405160400,130,-14000,Ueda METROCK 040,Borrowings,2024,5,2024-05
2024-05-16,202405160401,100,14000,Ueda METROCK 040,Cash,2024,5,2024-05
2024-05-17,202405170010,100,-2400,Ganga Studio 001,Cash,2024,5,2024-05
2024-05-17,202405170011,530,2400,Ganga Studio 001,Entertainment,2024,5,2024-05
2024-05-17,202405170800,490,-10000,Aioi 080,Other Income,2024,5,2024-05
2024-05-17,202405170801,400,10000,Aioi 080,Salary,2024,5,2024-05
2024-05-17,202405170900,280,-267900,For Intuition090,Deposit,2024,5,2024-05
2024-05-17,202405170901,101,267900,For Intuition090,UFJ,2024,5,2024-05
2024-05-18,202405180020,101,-3150,Mother's day 002,UFJ,2024,5,2024-05
2024-05-18,202405180021,552,3150,Mother's day 002,Presents,2024,5,2024-05
2024-05-18,202405180030,552,-3160,Mother's day 003,Presents,2024,5,2024-05
2024-05-18,202405180031,130,3160,Mother's day 003,Borrowings,2024,5,2024-05
2024-05-18,202405180040,530,-2948,Mother's day 004,Entertainment,2024,5,2024-05
2024-05-18,202405180041,552,2948,Mother's day 004,Presents,2024,5,2024-05
2024-05-18,202405180300,101,-1000,PayPay 030,UFJ,2024,5,2024-05
2024-05-18,202405180301,500,1000,PayPay 030,Groceries,2024,5,2024-05
2024-05-19,202405190010,101,-2590,Spocha 001,UFJ,2024,5,2024-05
2024-05-19,202405190011,530,2590,Spocha 001,Entertainment,2024,5,2024-05
2024-05-19,202405190020,100,-3000,Namba drin 002,Cash,2024,5,2024-05
2024-05-19,202405190021,531,3000,Namba drin 002,Eating Out,2024,5,2024-05
2024-05-19,202405190030,101,-780,Matsuya 003,UFJ,2024,5,2024-05
2024-05-19,202405190031,500,780,Matsuya 003,Groceries,2024,5,2024-05
2024-05-19,202405190530,101,-300,Amazon Prime 053,UFJ,2024,5,2024-05
2024-05-19,202405190531,598,300,Amazon Prime 053,Miscellaneous Expenses,2024,5,2024-05
2024-05-20,202405200010,100,-1250,Minoo Shoten 001,Cash,2024,5,2024-05
2024-05-20,202405200011,531,1250,Minoo Shoten 001,Eating Out,2024,5,2024-05
2024-05-20,202405200900,100,-20000,Fund transfer 090,Cash,2024,5,2024-05
2024-05-20,202405200901,102,20000,Fund transfer 090,SBI,2024,5,2024-05
2024-05-22,202405220010,100,-8500,Takahata Takai 001,Cash,2024,5,2024-05
2024-05-22,202405220011,531,8500,Takahata Takai 001,Eating Out,2024,5,2024-05
2024-05-22,202405220020,201,-280,Mcdou 002,JCB Card Debt,2024,5,2024-05
2024-05-22,202405220021,501,280,Mcdou 002,Snacks,2024,5,2024-05
2024-05-22,202405220900,101,-13000,Fund transfer 090,UFJ,2024,5,2024-05
2024-05-22,202405220901,100,13000,Fund transfer 090,Cash,2024,5,2024-05
2024-05-23,202405231020,102,-447,NISA 102,SBI,2024,5,2024-05
2024-05-23,202405231021,111,447,NISA 102,SBIStocksNISA,2024,5,2024-05
2024-05-24,202405240010,201,-2530,Times 001,JCB Card Debt,2024,5,2024-05
2024-05-24,202405240011,541,2530,Times 001,Automobile Expenses,2024,5,2024-05
2024-05-24,202405240020,101,-1800,Coffee 002,UFJ,2024,5,2024-05
2024-05-24,202405240020,100,-1100,Udon dancing 002,Cash,2024,5,2024-05
2024-05-24,202405240021,530,1100,Udon dancing 002,Entertainment,2024,5,2024-05
2024-05-24,202405240021,530,1800,Coffee 002,Entertainment,2024,5,2024-05
2024-05-25,202405250010,101,-1388,Amazons 001,UFJ,2024,5,2024-05
2024-05-25,202405250011,513,1388,Amazons 001,Household Goods,2024,5,2024-05
2024-05-26,202405260020,101,-2750,AXIS 002,UFJ,2024,5,2024-05
2024-05-26,202405260020,201,-2749,Amazon 002,JCB Card Debt,2024,5,2024-05
2024-05-26,202405260021,580,2750,AXIS 002,Self-Investment,2024,5,2024-05
2024-05-26,202405260021,513,2749,Amazon 002,Household Goods,2024,5,2024-05
2024-05-27,202405270010,101,-267900,Tuition 001,UFJ,2024,5,2024-05
2024-05-27,202405270011,280,267900,Tuition 001,Deposit,2024,5,2024-05
2024-05-27,202405270300,101,-1000,PayPay 030,UFJ,2024,5,2024-05
2024-05-27,202405270301,500,1000,PayPay 030,Groceries,2024,5,2024-05
2024-05-27,202405270900,490,-37,Refund 090,Other Income,2024,5,2024-05
2024-05-27,202405270901,101,37,Refund 090,UFJ,2024,5,2024-05
2024-05-28,202405280900,100,-50000,Fund transfer 090,Cash,2024,5,2024-05
2024-05-28,202405280901,102,50000,Fund transfer 090,SBI,2024,5,2024-05
2024-05-28,202405284010,400,-54545,Kawakita Salary 401,Salary,2024,5,2024-05
2024-05-28,202405284011,100,54545,Kawakita Salary 401,Cash,2024,5,2024-05
2024-05-29,202405290010,101,-1815,Tie 001,UFJ,2024,5,2024-05
2024-05-29,202405290011,542,1815,Tie 001,Clothing,2024,5,2024-05
2024-05-31,202405310300,101,-1000,PayPay 030,UFJ,2024,5,2024-05
2024-05-31,202405310301,500,1000,PayPay 030,Groceries,2024,5,2024-05
2024-05-31,202405310900,101,-10000,Fund transfer 090,UFJ,2024,5,2024-05
2024-05-31,202405310901,102,10000,Fund transfer 090,SBI,2024,5,2024-05
2024-05-31,202405313001,300,354031,Carryover 300,Total Equity,2024,5,2024-05
2024-05-31,202405316001,600,54871,Carryover 600,Profit and Loss,2024,5,2024-05
2024-06-01,202406010010,201,-658,Familimart Quickpay001,JCB Card Debt,2024,6,2024-06
2024-06-01,202406010011,500,658,Familimart Quickpay001,Groceries,2024,6,2024-06
2024-06-01,202406010020,101,-1000,PayPay002,UFJ,2024,6,2024-06
2024-06-01,202406010021,500,1000,PayPay002,Groceries,2024,6,2024-06
2024-06-01,202406010030,101,-950,Izumiya 003,UFJ,2024,6,2024-06
2024-06-01,202406010031,500,950,Izumiya 003,Groceries,2024,6,2024-06
2024-06-01,202406010040,101,-2750,WEGO vintage004,UFJ,2024,6,2024-06
2024-06-01,202406010041,542,2750,WEGO vintage004,Clothing,2024,6,2024-06
2024-06-01,202406011001,100,22344,Carryover 100,Cash,2024,6,2024-06
2024-06-01,202406011011,101,11198,Carryover 101,UFJ,2024,6,2024-06
2024-06-01,202406011021,102,159039,Carryover 102,SBI,2024,6,2024-06
2024-06-01,202406011111,111,65778,Carryover 111,SBIStocksNISA,2024,6,2024-06
2024-06-01,202406011301,130,14061,Carryover 130,Borrowings,2024,6,2024-06
2024-06-01,202406012000,200,-2250,Carryover 200,Credit Card Debt,2024,6,2024-06
2024-06-01,202406012010,201,-91944,Carryover 201,JCB Card Debt,2024,6,2024-06
2024-06-01,202406012801,280,0,Carryover 280,Deposit,2024,6,2024-06
2024-06-01,202406013001,300,354031,Carryover 300,Total Equity,2024,6,2024-06
2024-06-03,202406030010,201,-1897,Amazon 001,JCB Card Debt,2024,6,2024-06
2024-06-03,202406030011,513,1897,Amazon 001,Household Goods,2024,6,2024-06
2024-06-05,202406050010,100,-900,Marugen001,Cash,2024,6,2024-06
2024-06-05,202406050011,500,900,Marugen001,Groceries,2024,6,2024-06
2024-06-05,202406050020,101,-900,Suishun 002,UFJ,2024,6,2024-06
2024-06-05,202406050021,530,900,Suishun 002,Entertainment,2024,6,2024-06
2024-06-06,202406060020,101,-1299,Amazon 002,UFJ,2024,6,2024-06
2024-06-06,202406060021,513,1299,Amazon 002,Household Goods,2024,6,2024-06
2024-06-08,202406080010,100,-1000,Gym001,Cash,2024,6,2024-06
2024-06-08,202406080011,580,1000,Gym001,Self-Investment,2024,6,2024-06
2024-06-10,202406100010,201,-436,seven eleven 001,JCB Card Debt,2024,6,2024-06
2024-06-10,202406100011,501,436,seven eleven 001,Snacks,2024,6,2024-06
2024-06-10,202406105990,101,-13760,JCB direct debit 599,UFJ,2024,6,2024-06
2024-06-10,202406105991,201,13760,JCB direct debit 599,JCB Card Debt,2024,6,2024-06
2024-06-11,202406110010,100,-5000,Nara drive 001,Cash,2024,6,2024-06
2024-06-11,202406110011,530,5000,Nara drive 001,Entertainment,2024,6,2024-06
2024-06-11,202406110020,201,-138,JCB seven 002,JCB Card Debt,2024,6,2024-06
2024-06-11,202406110021,500,138,JCB seven 002,Groceries,2024,6,2024-06
2024-06-11,202406110030,201,-1540,ETC 003,JCB Card Debt,2024,6,2024-06
2024-06-11,202406110031,541,1540,ETC 003,Automobile Expenses,2024,6,2024-06
2024-06-11,202406110900,101,-5000,Fund transfer 090,UFJ,2024,6,2024-06
2024-06-11,202406110900,130,-600,Refund 090,Borrowings,2024,6,2024-06
2024-06-11,202406110901,100,5000,Fund transfer 090,Cash,2024,6,2024-06
2024-06-11,202406110901,100,600,Refund 090,Cash,2024,6,2024-06
2024-06-12,202406120010,201,-318,Snack 001,JCB Card Debt,2024,6,2024-06
2024-06-12,202406120011,501,318,Snack 001,Snacks,2024,6,2024-06
2024-06-13,202406130520,101,-3890,PITAPA 052,UFJ,2024,6,2024-06
2024-06-13,202406130521,521,3890,PITAPA 052,Transportation,2024,6,2024-06
2024-06-14,202406140020,100,-6000,bear garden 002,Cash,2024,6,2024-06
2024-06-14,202406140021,530,6000,bear garden 002,Entertainment,2024,6,2024-06
2024-06-14,202406140800,102,-14820,SBI stock 080,SBI,2024,6,2024-06
2024-06-14,202406140801,111,14820,SBI stock 080,SBIStocksNISA,2024,6,2024-06
2024-06-14,202406144000,400,-66690,Cram Salary 400,Salary,2024,6,2024-06
2024-06-14,202406144001,101,66690,Cram Salary 400,UFJ,2024,6,2024-06
2024-06-15,202406150200,101,-1230,PayPay 020,UFJ,2024,6,2024-06
2024-06-15,202406150201,500,1230,PayPay 020,Groceries,2024,6,2024-06
2024-06-15,202406150500,101,-480,SPOTIFY 050,UFJ,2024,6,2024-06
2024-06-15,202406150501,530,480,SPOTIFY 050,Entertainment,2024,6,2024-06
2024-06-19,202406190020,101,-1230,Komeda 002,UFJ,2024,6,2024-06
2024-06-19,202406190021,530,1230,Komeda 002,Entertainment,2024,6,2024-06
2024-06-19,202406190530,101,-300,AmazonPrime 053,UFJ,2024,6,2024-06
2024-06-19,202406190531,598,300,AmazonPrime 053,Miscellaneous Expenses,2024,6,2024-06
2024-06-20,202406200010,201,-348,Snack 001,JCB Card Debt,2024,6,2024-06
2024-06-20,202406200011,501,348,Snack 001,Snacks,2024,6,2024-06
2024-06-21,202406210800,111,-520,SBI stock 080,SBIStocksNISA,2024,6,2024-06
2024-06-21,202406210801,102,520,SBI stock 080,SBI,2024,6,2024-06
2024-06-22,202406220020,500,-220,Rain coat 002,Groceries,2024,6,2024-06
2024-06-22,202406220021,513,220,Rain coat 002,Household Goods,2024,6,2024-06
2024-06-22,202406220400,130,-2500,Ueda METROCK 040,Borrowings,2024,6,2024-06
2024-06-22,202406220401,100,2500,Ueda METROCK 040,Cash,2024,6,2024-06
2024-06-23,202406230010,100,-5000,Keiba 001,Cash,2024,6,2024-06
2024-06-23,202406230011,530,5000,Keiba 001,Entertainment,2024,6,2024-06
2024-06-23,202406230020,100,-950,Yumewokatare 002,Cash,2024,6,2024-06
2024-06-23,202406230021,531,950,Yumewokatare 002,Eating Out,2024,6,2024-06
2024-06-23,202406230030,101,-1100,PayPay 003,UFJ,2024,6,2024-06
2024-06-23,202406230031,500,1100,PayPay 003,Groceries,2024,6,2024-06
2024-06-23,202406230040,201,-608,JCB seven 004,JCB Card Debt,2024,6,2024-06
2024-06-23,202406230041,500,608,JCB seven 004,Groceries,2024,6,2024-06
2024-06-23,202406230900,101,-12000,Fund transfer 090,UFJ,2024,6,2024-06
2024-06-23,202406230901,100,12000,Fund transfer 090,Cash,2024,6,2024-06
2024-06-24,202406240010,201,-649,Amazon 001,JCB Card Debt,2024,6,2024-06
2024-06-24,202406240011,513,649,Amazon 001,Household Goods,2024,6,2024-06
2024-06-24,202406240700,201,-2000,ICOCA Charge 070,JCB Card Debt,2024,6,2024-06
2024-06-24,202406240701,521,2000,ICOCA Charge 070,Transportation,2024,6,2024-06
2024-06-24,202406240800,102,-1460,SBI stock 080,SBI,2024,6,2024-06
2024-06-24,202406240801,111,1460,SBI stock 080,SBIStocksNISA,2024,6,2024-06
2024-06-25,202406250020,400,-42675,Kawakita Salary 002,Salary,2024,6,2024-06
2024-06-25,202406250021,100,42675,Kawakita Salary 002,Cash,2024,6,2024-06
2024-06-25,202406250900,100,-92000,Fund transfer 090,Cash,2024,6,2024-06
2024-06-25,202406250900,101,-50000,Fund transfer 090,UFJ,2024,6,2024-06
2024-06-25,202406250900,490,-49,Refund 090,Other Income,2024,6,2024-06
2024-06-25,202406250901,100,50000,Fund transfer 090,Cash,2024,6,2024-06
2024-06-25,202406250901,101,49,Refund 090,UFJ,2024,6,2024-06
2024-06-25,202406250901,102,92000,Fund transfer 090,SBI,2024,6,2024-06
2024-06-26,202406260020,101,-2750,AXIS 002,UFJ,2024,6,2024-06
2024-06-26,202406260021,580,2750,AXIS 002,Self-Investment,2024,6,2024-06
2024-06-27,202406270020,100,-3080,Shuhari 002,Cash,2024,6,2024-06
2024-06-27,202406270021,531,3080,Shuhari 002,Eating Out,2024,6,2024-06
2024-06-27,202406270030,101,-790,Jerarte 003,UFJ,2024,6,2024-06
2024-06-27,202406270031,530,790,Jerarte 003,Entertainment,2024,6,2024-06
2024-06-27,202406270900,101,-10000,Fund transfer 090,UFJ,2024,6,2024-06
2024-06-27,202406270901,102,10000,Fund transfer 090,SBI,2024,6,2024-06
2024-06-28,202406280010,201,-978,Seven night 001,JCB Card Debt,2024,6,2024-06
2024-06-28,202406280011,500,978,Seven night 001,Groceries,2024,6,2024-06
2024-06-30,202406300010,201,-257,Snack 001,JCB Card Debt,2024,6,2024-06
2024-06-30,202406300011,501,257,Snack 001,Snacks,2024,6,2024-06
2024-06-30,202406300520,101,-3390,PITAPA 052,UFJ,2024,6,2024-06
2024-06-30,202406300521,521,3390,PITAPA 052,Transportation,2024,6,2024-06
2024-06-30,202406303000,300,-257314,Carryover 300,Total Equity,2024,6,2024-06
2024-06-30,202406306001,600,52418,Carryover 600,Profit and Loss,2024,6,2024-06
2024-07-01,202407011001,100,21189,Carryover 100,Cash,2024,7,2024-07
2024-07-01,202407011010,101,-34882,Carryover 101,UFJ,2024,7,2024-07
2024-07-01,202407011021,102,245279,Carryover 102,SBI,2024,7,2024-07
2024-07-01,202407011111,111,81538,Carryover 111,SBIStocksNISA,2024,7,2024-07
2024-07-01,202407011301,130,10961,Carryover 130,Borrowings,2024,7,2024-07
2024-07-01,202407012000,200,-2250,Carryover 200,Credit Card Debt,2024,7,2024-07
2024-07-01,202407012010,201,-88011,Carryover 201,JCB Card Debt,2024,7,2024-07
2024-07-01,202407012801,280,0,Carryover 280,Deposit,2024,7,2024-07
2024-07-01,202407013000,300,-257314,Carryover 300,Total Equity,2024,7,2024-07
2024-07-02,202407020010,101,-2900,Salon rebecca 001,UFJ,2024,7,2024-07
2024-07-02,202407020011,542,2900,Salon rebecca 001,Clothing,2024,7,2024-07
2024-07-02,202407020020,201,-577,Blue bottle 002,JCB Card Debt,2024,7,2024-07
2024-07-02,202407020021,580,577,Blue bottle 002,Self-Investment,2024,7,2024-07
2024-07-02,202407020030,201,-18260,Pigsty cloth vintage 003,JCB Card Debt,2024,7,2024-07
2024-07-02,202407020031,542,18260,Pigsty cloth vintage 003,Clothing,2024,7,2024-07
2024-07-02,202407020800,102,-10000,SBI stock 080,SBI,2024,7,2024-07
2024-07-02,202407020801,111,10000,SBI stock 080,SBIStocksNISA,2024,7,2024-07
2024-07-05,202407050010,100,-1670,Night drive 001,Cash,2024,7,2024-07
2024-07-05,202407050011,530,1670,Night drive 001,Entertainment,2024,7,2024-07
2024-07-05,202407050020,101,-2000,Car 002,UFJ,2024,7,2024-07
2024-07-05,202407050021,541,2000,Car 002,Automobile Expenses,2024,7,2024-07
2024-07-05,202407050030,201,-752,Lawson 003,JCB Card Debt,2024,7,2024-07
2024-07-05,202407050031,500,752,Lawson 003,Groceries,2024,7,2024-07
2024-07-05,202407050040,201,-641,Gas 004,JCB Card Debt,2024,7,2024-07
2024-07-05,202407050041,541,641,Gas 004,Automobile Expenses,2024,7,2024-07
2024-07-06,202407060010,201,-540,Komeda 001,JCB Card Debt,2024,7,2024-07
2024-07-06,202407060011,580,540,Komeda 001,Self-Investment,2024,7,2024-07
2024-07-08,202407080010,201,-180,Snack 001,JCB Card Debt,2024,7,2024-07
2024-07-08,202407080011,501,180,Snack 001,Snacks,2024,7,2024-07
2024-07-08,202407080020,101,-528,Kitte 002,UFJ,2024,7,2024-07
2024-07-08,202407080021,513,528,Kitte 002,Household Goods,2024,7,2024-07
2024-07-08,202407080900,102,-17655,SBI dollar 090,SBI,2024,7,2024-07
2024-07-08,202407080901,110,17655,SBI dollar 090,SBISTOCKS,2024,7,2024-07
2024-07-09,202407090010,101,-1024,PayPay 001,UFJ,2024,7,2024-07
2024-07-09,202407090011,500,1024,PayPay 001,Groceries,2024,7,2024-07
2024-07-09,202407090020,101,-3000,Kingdom 002,UFJ,2024,7,2024-07
2024-07-09,202407090021,530,1500,Kingdom 002,Entertainment,2024,7,2024-07
2024-07-09,202407090030,201,-634,Blue bottle 003,JCB Card Debt,2024,7,2024-07
2024-07-09,202407090031,580,634,Blue bottle 003,Self-Investment,2024,7,2024-07
2024-07-10,202407100010,201,-850,McDou 001,JCB Card Debt,2024,7,2024-07
2024-07-10,202407100011,500,850,McDou 001,Groceries,2024,7,2024-07
2024-07-10,202407105990,101,-9006,JCB direct debit 599,UFJ,2024,7,2024-07
2024-07-10,202407105991,201,9006,JCB direct debit 599,JCB Card Debt,2024,7,2024-07
2024-07-12,202407120010,400,-78869,Cram Salary 001,Salary,2024,7,2024-07
2024-07-12,202407120011,101,78869,Cram Salary 001,UFJ,2024,7,2024-07
2024-07-12,202407120020,101,-5050,Expo food 002,UFJ,2024,7,2024-07
2024-07-12,202407120021,531,2550,Expo food 002,Eating Out,2024,7,2024-07
2024-07-12,202407120021,130,2500,Expo food 002,Borrowings,2024,7,2024-07
2024-07-12,202407120030,130,-4000,Refund KANO 003,Borrowings,2024,7,2024-07
2024-07-12,202407120031,500,4000,Refund KANO 003,Groceries,2024,7,2024-07
2024-07-12,202407120040,201,-760,Cinema Drink 004,JCB Card Debt,2024,7,2024-07
2024-07-12,202407120041,530,760,Cinema Drink 004,Entertainment,2024,7,2024-07
2024-07-14,202407145900,100,-1065,Unknown 590,Cash,2024,7,2024-07
2024-07-14,202407145901,599,1065,Unknown 590,Adjustments,2024,7,2024-07
2024-07-15,202407150010,101,-1738,Lavi Charger 001,UFJ,2024,7,2024-07
2024-07-15,202407150011,513,1738,Lavi Charger 001,Household Goods,2024,7,2024-07
2024-07-15,202407150020,201,-350,Lotteria 002,JCB Card Debt,2024,7,2024-07
2024-07-15,202407150021,500,350,Lotteria 002,Groceries,2024,7,2024-07
2024-07-15,202407150500,101,-480,SPOTIFY 050,UFJ,2024,7,2024-07
2024-07-15,202407150501,530,480,SPOTIFY 050,Entertainment,2024,7,2024-07
2024-07-16,202407160010,201,-130,Hello cycling 001,JCB Card Debt,2024,7,2024-07
2024-07-16,202407160011,521,130,Hello cycling 001,Transportation,2024,7,2024-07
2024-07-17,202407170010,101,-15230,Nagano timescarrental 001,UFJ,2024,7,2024-07
2024-07-17,202407170011,530,15230,Nagano timescarrental 001,Entertainment,2024,7,2024-07
2024-07-17,202407170020,201,-130,Hello cycling 002,JCB Card Debt,2024,7,2024-07
2024-07-17,202407170021,521,130,Hello cycling 002,Transportation,2024,7,2024-07
2024-07-17,202407170030,201,-7490,ETC 003,JCB Card Debt,2024,7,2024-07
2024-07-17,202407170031,530,7490,ETC 003,Entertainment,2024,7,2024-07
2024-07-18,202407180010,100,-2600,korobokkuru 001,Cash,2024,7,2024-07
2024-07-18,202407180011,530,2600,korobokkuru 001,Entertainment,2024,7,2024-07
2024-07-18,202407180020,201,-3200,ETC 002,JCB Card Debt,2024,7,2024-07
2024-07-18,202407180021,530,3200,ETC 002,Entertainment,2024,7,2024-07
2024-07-18,202407180030,101,-1000,PayPay 003,UFJ,2024,7,2024-07
2024-07-18,202407180031,500,1000,PayPay 003,Groceries,2024,7,2024-07
2024-07-18,202407180040,102,-31172,Amazon stock 004,SBI,2024,7,2024-07
2024-07-18,202407180041,111,31172,Amazon stock 004,SBIStocksNISA,2024,7,2024-07
2024-07-18,202407180050,201,-11656,Nagano ETC 005,JCB Card Debt,2024,7,2024-07
2024-07-18,202407180051,530,11656,Nagano ETC 005,Entertainment,2024,7,2024-07
2024-07-19,202407190010,100,-2230,Otsu SA 001,Cash,2024,7,2024-07
2024-07-19,202407190011,530,2230,Otsu SA 001,Entertainment,2024,7,2024-07
2024-07-19,202407190030,101,-1000,PayPay 003,UFJ,2024,7,2024-07
2024-07-19,202407190031,500,1000,PayPay 003,Groceries,2024,7,2024-07
2024-07-19,202407190040,101,-3900,Usagiya soba 004,UFJ,2024,7,2024-07
2024-07-19,202407190041,530,3900,Usagiya soba 004,Entertainment,2024,7,2024-07
2024-07-19,202407190050,100,-300,Parking 005,Cash,2024,7,2024-07
2024-07-19,202407190051,530,300,Parking 005,Entertainment,2024,7,2024-07
2024-07-19,202407190530,101,-300,Amazon Prime 053,UFJ,2024,7,2024-07
2024-07-19,202407190531,598,300,Amazon Prime 053,Miscellaneous Expenses,2024,7,2024-07
2024-07-20,202407200010,201,-1799,Gas 001,JCB Card Debt,2024,7,2024-07
2024-07-20,202407200011,530,1799,Gas 001,Entertainment,2024,7,2024-07
2024-07-20,202407200020,201,-540,Komeda 002,JCB Card Debt,2024,7,2024-07
2024-07-20,202407200021,580,540,Komeda 002,Self-Investment,2024,7,2024-07
2024-07-21,202407214800,490,-3,interest 480,Other Income,2024,7,2024-07
2024-07-21,202407214801,101,3,interest 480,UFJ,2024,7,2024-07
2024-07-22,202407220010,100,-1130,Marugen 001,Cash,2024,7,2024-07
2024-07-22,202407220011,500,1130,Marugen 001,Groceries,2024,7,2024-07
2024-07-22,202407220020,530,-1000,Times Refund 002,Entertainment,2024,7,2024-07
2024-07-22,202407220021,100,1000,Times Refund 002,Cash,2024,7,2024-07
2024-07-22,202407220030,101,-2280,PayPay 003,UFJ,2024,7,2024-07
2024-07-22,202407220031,500,2280,PayPay 003,Groceries,2024,7,2024-07
2024-07-22,202407220800,102,-1500,SBI stock 080,SBI,2024,7,2024-07
2024-07-22,202407220800,102,-420,SBI stock 080,SBI,2024,7,2024-07
2024-07-22,202407220801,111,420,SBI stock 080,SBIStocksNISA,2024,7,2024-07
2024-07-22,202407220801,111,1500,SBI stock 080,SBIStocksNISA,2024,7,2024-07
2024-07-23,202407230040,530,-7000,Nagano refund 004,Entertainment,2024,7,2024-07
2024-07-23,202407230041,100,7000,Nagano refund 004,Cash,2024,7,2024-07
2024-07-23,202407230050,101,-3505,Kamakura pasta 005,UFJ,2024,7,2024-07
2024-07-23,202407230051,531,3505,Kamakura pasta 005,Eating Out,2024,7,2024-07
2024-07-25,202407250010,101,-597,Suger 001,UFJ,2024,7,2024-07
2024-07-25,202407250011,500,597,Suger 001,Groceries,2024,7,2024-07
2024-07-25,202407250020,101,-4950,Ring 002,UFJ,2024,7,2024-07
2024-07-25,202407250021,542,4950,Ring 002,Clothing,2024,7,2024-07
2024-07-25,202407250900,490,-33,Refund 090,Other Income,2024,7,2024-07
2024-07-25,202407250901,101,33,Refund 090,UFJ,2024,7,2024-07
2024-07-26,202407260020,101,-2750,AXIS 002,UFJ,2024,7,2024-07
2024-07-26,202407260021,580,2750,AXIS 002,Self-Investment,2024,7,2024-07
2024-07-26,202407260030,201,-830,MacDou 003,JCB Card Debt,2024,7,2024-07
2024-07-26,202407260031,500,830,MacDou 003,Groceries,2024,7,2024-07
2024-07-26,202407260900,500,-429,Suger Refund 090,Groceries,2024,7,2024-07
2024-07-26,202407260901,100,429,Suger Refund 090,Cash,2024,7,2024-07
2024-07-28,202407280010,100,-900,Ikoi Hanten 001,Cash,2024,7,2024-07
2024-07-28,202407280011,500,900,Ikoi Hanten 001,Groceries,2024,7,2024-07
2024-07-28,202407280020,201,-407,Snack 002,JCB Card Debt,2024,7,2024-07
2024-07-28,202407280021,501,407,Snack 002,Snacks,2024,7,2024-07
2024-07-28,202407280030,101,-2188,Camera goods 003,UFJ,2024,7,2024-07
2024-07-28,202407280031,513,2188,Camera goods 003,Household Goods,2024,7,2024-07
2024-07-28,202407280040,101,-1100,PayPay 004,UFJ,2024,7,2024-07
2024-07-28,202407280041,500,1100,PayPay 004,Groceries,2024,7,2024-07
2024-07-29,202407290010,201,-204,Snack 001,JCB Card Debt,2024,7,2024-07
2024-07-29,202407290011,501,204,Snack 001,Snacks,2024,7,2024-07
2024-07-29,202407290020,201,-940,Seven night 002,JCB Card Debt,2024,7,2024-07
2024-07-29,202407290021,500,940,Seven night 002,Groceries,2024,7,2024-07
2024-07-29,202407290900,101,-10000,Fund transfer 090,UFJ,2024,7,2024-07
2024-07-29,202407290901,102,10000,Fund transfer 090,SBI,2024,7,2024-07
2024-07-30,202407300040,101,-1000,PayPay 004,UFJ,2024,7,2024-07
2024-07-30,202407300041,500,1000,PayPay 004,Groceries,2024,7,2024-07
2024-07-31,202407310010,201,-292,Lawson 001,JCB Card Debt,2024,7,2024-07
2024-07-31,202407310011,500,292,Lawson 001,Groceries,2024,7,2024-07
2024-07-31,202407310020,101,-14540,Issun 002,UFJ,2024,7,2024-07
2024-07-31,202407310021,100,10540,Issun 002,Cash,2024,7,2024-07
2024-07-31,202407310021,531,4000,Issun 002,Eating Out,2024,7,2024-07
2024-07-31,202407313000,300,-251479,Carryover 300,Total Equity,2024,7,2024-07
2024-07-31,202407316001,600,66220,Carryover 600,Profit and Loss,2024,7,2024-07
2024-08-01,202408010010,201,-1163,Lawson 001,JCB Card Debt,2024,8,2024-08
2024-08-01,202408010011,500,1163,Lawson 001,Groceries,2024,8,2024-08
2024-08-01,202408011001,100,30263,Carryover 100,Cash,2024,8,2024-08
2024-08-01,202408011010,101,-46043,Carryover 101,UFJ,2024,8,2024-08
2024-08-01,202408011021,102,194532,Carryover 102,SBI,2024,8,2024-08
2024-08-01,202408011101,110,17655,Carryover 110,SBISTOCKS,2024,8,2024-08
2024-08-01,202408011111,111,124630,Carryover 111,SBIStocksNISA,2024,8,2024-08
2024-08-01,202408011301,130,9461,Carryover 130,Borrowings,2024,8,2024-08
2024-08-01,202408012000,200,-2250,Carryover 200,Credit Card Debt,2024,8,2024-08
2024-08-01,202408012010,201,-130167,Carryover 201,JCB Card Debt,2024,8,2024-08
2024-08-01,202408012801,280,0,Carryover 280,Deposit,2024,8,2024-08
2024-08-01,202408013000,300,-251479,Carryover 300,Total Equity,2024,8,2024-08
2024-08-02,202408020010,100,-6330,Tenma 001,Cash,2024,8,2024-08
2024-08-02,202408020011,531,6330,Tenma 001,Eating Out,2024,8,2024-08
2024-08-02,202408020020,201,-581,Seven 002,JCB Card Debt,2024,8,2024-08
2024-08-02,202408020021,500,581,Seven 002,Groceries,2024,8,2024-08
2024-08-02,202408020300,201,-4310,Times 030,JCB Card Debt,2024,8,2024-08
2024-08-02,202408020301,530,4310,Times 030,Entertainment,2024,8,2024-08
2024-08-03,202408030010,201,-4175,Night drive 001,JCB Card Debt,2024,8,2024-08
2024-08-03,202408030011,530,4175,Night drive 001,Entertainment,2024,8,2024-08
2024-08-04,202408040010,101,-3000,PayPay 001,UFJ,2024,8,2024-08
2024-08-04,202408040011,500,3000,PayPay 001,Groceries,2024,8,2024-08
2024-08-07,202408070010,101,-8000,Arugo Spring 001,UFJ,2024,8,2024-08
2024-08-07,202408070011,500,4000,Arugo Spring 001,Groceries,2024,8,2024-08
2024-08-07,202408070020,101,-751,Amazon 002,UFJ,2024,8,2024-08
2024-08-07,202408070021,513,751,Amazon 002,Household Goods,2024,8,2024-08
2024-08-07,202408070030,201,-5270,Times 003,JCB Card Debt,2024,8,2024-08
2024-08-07,202408070031,500,2000,Times 003,Groceries,2024,8,2024-08
2024-08-07,202408070031,531,3270,Times 003,Eating Out,2024,8,2024-08
2024-08-07,202408070700,201,-1000,ICOCA Charge 070,JCB Card Debt,2024,8,2024-08
2024-08-07,202408070701,521,1000,ICOCA Charge 070,Transportation,2024,8,2024-08
2024-08-09,202408090040,201,-3990,TImes Rekka 004,JCB Card Debt,2024,8,2024-08
2024-08-09,202408090041,530,3990,TImes Rekka 004,Entertainment,2024,8,2024-08
2024-08-10,202408100010,101,-62,Ibaraki food 001,UFJ,2024,8,2024-08
2024-08-10,202408100010,100,-2250,Ibaraki food 001,Cash,2024,8,2024-08
2024-08-10,202408100011,500,2312,Ibaraki food 001,Groceries,2024,8,2024-08
2024-08-11,202408110010,490,-10000,Happybirthday 001,Other Income,2024,8,2024-08
2024-08-11,202408110011,100,10000,Happybirthday 001,Cash,2024,8,2024-08
2024-08-11,202408110020,100,-46700,Kawakita Salary 002,Cash,2024,8,2024-08
2024-08-11,202408110021,400,46700,Kawakita Salary 002,Salary,2024,8,2024-08
2024-08-11,202408110900,100,-66000,Fund transfer 090,Cash,2024,8,2024-08
2024-08-11,202408110901,101,66000,Fund transfer 090,UFJ,2024,8,2024-08
2024-08-12,202408120010,201,-500,Parking 001,JCB Card Debt,2024,8,2024-08
2024-08-12,202408120011,530,500,Parking 001,Entertainment,2024,8,2024-08
2024-08-13,202408130010,101,-28000,AXIS party 001,UFJ,2024,8,2024-08
2024-08-13,202408130011,100,14000,AXIS party001,Cash,2024,8,2024-08
2024-08-13,202408130011,550,14000,AXIS party 001,Social Expenses,2024,8,2024-08
2024-08-13,202408135990,101,-31215,JCB direct debit 599,UFJ,2024,8,2024-08
2024-08-13,202408135991,201,31215,JCB direct debit 599,JCB Card Debt,2024,8,2024-08
2024-08-14,202408140010,201,-330,Charge 001,JCB Card Debt,2024,8,2024-08
2024-08-14,202408140011,520,330,Charge 001,Communication,2024,8,2024-08
2024-08-15,202408150010,201,-207,Snack 001,JCB Card Debt,2024,8,2024-08
2024-08-15,202408150010,400,-70716,Cram Salary 001,Salary,2024,8,2024-08
2024-08-15,202408150011,101,70716,Cram Salary 001,UFJ,2024,8,2024-08
2024-08-15,202408150011,501,207,Snack 001,Snacks,2024,8,2024-08
2024-08-15,202408150020,490,-1550,PayPay 002,Other Income,2024,8,2024-08
2024-08-15,202408150021,500,1550,PayPay 002,Groceries,2024,8,2024-08
2024-08-15,202408150500,101,-480,SPOTIFY 050,UFJ,2024,8,2024-08
2024-08-15,202408150501,530,480,SPOTIFY 050,Entertainment,2024,8,2024-08
2024-08-17,202408170010,531,-600,PayPay 001,Eating Out,2024,8,2024-08
2024-08-17,202408170011,500,600,PayPay 001,Groceries,2024,8,2024-08
2024-08-19,202408190400,101,-300,Amazon Prime 040,UFJ,2024,8,2024-08
2024-08-19,202408190401,598,300,Amazon Prime 040,Miscellaneous Expenses,2024,8,2024-08
2024-08-19,202408190900,490,-6,Interest 090,Other Income,2024,8,2024-08
2024-08-19,202408190901,101,6,Interest 090,UFJ,2024,8,2024-08
2024-08-20,202408200010,100,-1000,Mino 001,Cash,2024,8,2024-08
2024-08-20,202408200011,500,1000,Mino 001,Groceries,2024,8,2024-08
2024-08-22,202408220010,550,-12755,Axis party refund 001,Social Expenses,2024,8,2024-08
2024-08-22,202408220011,101,12755,Axis party refund 001,UFJ,2024,8,2024-08
2024-08-23,202408230010,201,-890,Lotteria 001,JCB Card Debt,2024,8,2024-08
2024-08-23,202408230011,500,890,Lotteria 001,Groceries,2024,8,2024-08
2024-08-23,202408230800,102,-1100,SBI stock 080,SBI,2024,8,2024-08
2024-08-23,202408230801,111,1100,SBI stock 080,SBIStocksNISA,2024,8,2024-08
2024-08-24,202408240010,101,-23100,Birkenstock Kano 001,UFJ,2024,8,2024-08
2024-08-24,202408240011,552,23100,Birkenstock Kano 001,Presents,2024,8,2024-08
2024-08-24,202408240020,101,-4400,Salon rebecca 002,UFJ,2024,8,2024-08
2024-08-24,202408240021,542,4400,Salon rebecca 002,Clothing,2024,8,2024-08
2024-08-24,202408240030,101,-3443,T-Shirt 003,UFJ,2024,8,2024-08
2024-08-24,202408240031,542,3443,T-Shirt 003,Clothing,2024,8,2024-08
2024-08-24,202408240040,201,-2134,Marugen 004,JCB Card Debt,2024,8,2024-08
2024-08-24,202408240041,531,2134,Marugen 004,Eating Out,2024,8,2024-08
2024-08-24,202408240050,531,-1200,Yoshihiro 005,Eating Out,2024,8,2024-08
2024-08-24,202408240051,100,1200,Yoshihiro 005,Cash,2024,8,2024-08
2024-08-24,202408240060,100,-500,Akashiya 006,Cash,2024,8,2024-08
2024-08-24,202408240061,500,500,Akashiya 006,Groceries,2024,8,2024-08
2024-08-25,202408250010,531,-800,Fireworks food 001,Eating Out,2024,8,2024-08
2024-08-25,202408250011,100,800,Fireworks food 001,Cash,2024,8,2024-08
2024-08-25,202408250020,201,-5530,Times 002,JCB Card Debt,2024,8,2024-08
2024-08-25,202408250021,500,3000,Times 002,Groceries,2024,8,2024-08
2024-08-25,202408250021,531,2530,Times 002,Eating Out,2024,8,2024-08
2024-08-26,202408260010,201,-475,Coffee 001,JCB Card Debt,2024,8,2024-08
2024-08-26,202408260011,580,475,Coffee 001,Self-Investment,2024,8,2024-08
2024-08-26,202408260020,101,-2750,AXIS 002,UFJ,2024,8,2024-08
2024-08-26,202408260021,580,2750,AXIS 002,Self-Investment,2024,8,2024-08
2024-08-26,202408260030,201,-1000,Starbucks 003,JCB Card Debt,2024,8,2024-08
2024-08-26,202408260031,500,1000,Starbucks 003,Groceries,2024,8,2024-08
2024-08-26,202408260900,490,-123,Refund 090,Other Income,2024,8,2024-08
2024-08-26,202408260901,101,123,Refund 090,UFJ,2024,8,2024-08
2024-08-26,202408261010,490,-666,Hide 101,Other Income,2024,8,2024-08
2024-08-26,202408261011,500,666,Hide 101,Groceries,2024,8,2024-08
2024-08-27,202408270900,101,-10000,Fund transfer 090,UFJ,2024,8,2024-08
2024-08-27,202408270901,102,10000,Fund transfer 090,SBI,2024,8,2024-08
2024-08-27,202408270910,100,-21651,Fund transfer 091,Cash,2024,8,2024-08
2024-08-27,202408270911,101,21651,Fund transfer 091,UFJ,2024,8,2024-08
2024-08-28,202408280010,101,-2000,Attack funding 001,UFJ,2024,8,2024-08
2024-08-28,202408280011,598,2000,Attack funding 001,Miscellaneous Expenses,2024,8,2024-08
2024-08-29,202408290010,201,-238,Snack 001,JCB Card Debt,2024,8,2024-08
2024-08-29,202408290011,501,238,Snack 001,Snacks,2024,8,2024-08
2024-08-29,202408290020,500,-330,Daiso 002,Groceries,2024,8,2024-08
2024-08-29,202408290021,513,330,Daiso 002,Household Goods,2024,8,2024-08
2024-08-30,202408300010,201,-230,Hello cycling 001,JCB Card Debt,2024,8,2024-08
2024-08-30,202408300011,520,230,Hello cycling 001,Communication,2024,8,2024-08
2024-08-30,202408300020,201,-6057,Data school hotel 002,JCB Card Debt,2024,8,2024-08
2024-08-30,202408300021,130,6057,Data school hotel 002,Borrowings,2024,8,2024-08
2024-08-30,202408300030,101,-2701,Party 003,UFJ,2024,8,2024-08
2024-08-30,202408300031,550,2701,Party 003,Social Expenses,2024,8,2024-08
2024-08-30,202408300040,201,-475,Coffee 004,JCB Card Debt,2024,8,2024-08
2024-08-30,202408300041,580,475,Coffee 004,Self-Investment,2024,8,2024-08
2024-08-30,202408300050,101,-5990,Pants 005,UFJ,2024,8,2024-08
2024-08-30,202408300051,542,5990,Pants 005,Clothing,2024,8,2024-08
2024-08-30,202408300060,500,-220,Wrapping 006,Groceries,2024,8,2024-08
2024-08-30,202408300061,552,220,Wrapping 006,Presents,2024,8,2024-08
2024-08-31,202408310030,500,-540,PayPay 003,Groceries,2024,8,2024-08
2024-08-31,202408310031,530,540,PayPay 003,Entertainment,2024,8,2024-08
2024-08-31,202408310040,500,-350,Stamp 004,Groceries,2024,8,2024-08
2024-08-31,202408310041,513,350,Stamp 004,Household Goods,2024,8,2024-08
2024-08-31,202408310520,101,-4130,PITAPA 052,UFJ,2024,8,2024-08
2024-08-31,202408310521,521,4130,PITAPA 052,Transportation,2024,8,2024-08
2024-08-31,202408313000,300,-327085,Carryover 300,Total Equity,2024,8,2024-08
2024-08-31,202408316000,600,-93066,Carryover 600,Profit and Loss,2024,8,2024-08
2024-09-01,202409011000,100,-88168,Carryover 100,Cash,2024,9,2024-09
2024-09-01,202409011010,101,-5114,Carryover 101,UFJ,2024,9,2024-09
2024-09-01,202409011021,102,203432,Carryover 102,SBI,2024,9,2024-09
2024-09-01,202409011101,110,17655,Carryover 110,SBISTOCKS,2024,9,2024-09
2024-09-01,202409011111,111,125730,Carryover 111,SBIStocksNISA,2024,9,2024-09
2024-09-01,202409011301,130,15518,Carryover 130,Borrowings,2024,9,2024-09
2024-09-01,202409012000,200,-2250,Carryover 200,Credit Card Debt,2024,9,2024-09
2024-09-01,202409012010,201,-137507,Carryover 201,JCB Card Debt,2024,9,2024-09
2024-09-01,202409012801,280,0,Carryover 280,Deposit,2024,9,2024-09
2024-09-01,202409013000,300,-327085,Carryover 300,Total Equity,2024,9,2024-09
2024-09-02,202409020010,500,-745,Suncream 001,Groceries,2024,9,2024-09
2024-09-02,202409020011,513,745,Suncream 001,Household Goods,2024,9,2024-09
2024-09-02,202409020020,201,-11880,Data school train 002,JCB Card Debt,2024,9,2024-09
2024-09-02,202409020021,130,11880,Data school train 002,Borrowings,2024,9,2024-09
2024-09-02,202409020030,101,-5960,Goods 003,UFJ,2024,9,2024-09
2024-09-02,202409020031,552,5960,Goods 003,Presents,2024,9,2024-09
2024-09-02,202409020040,530,-6400,18kippu 004,Entertainment,2024,9,2024-09
2024-09-02,202409020041,100,6400,18kippu 004,Cash,2024,9,2024-09
2024-09-03,202409030010,490,-500,PayPay 001,Other Income,2024,9,2024-09
2024-09-03,202409030011,500,500,PayPay 001,Groceries,2024,9,2024-09
2024-09-03,202409030020,201,-1078,Condome 002,JCB Card Debt,2024,9,2024-09
2024-09-03,202409030021,513,1078,Condome 002,Household Goods,2024,9,2024-09
2024-09-03,202409030030,201,-977,Walder 003,JCB Card Debt,2024,9,2024-09
2024-09-03,202409030031,531,977,Walder 003,Eating Out,2024,9,2024-09
2024-09-03,202409030050,101,-1374,Cake 005,UFJ,2024,9,2024-09
2024-09-03,202409030051,530,1374,Cake 005,Entertainment,2024,9,2024-09
2024-09-03,202409030700,201,-1000,ICOCA Charge 070,JCB Card Debt,2024,9,2024-09
2024-09-03,202409030701,520,1000,ICOCA Charge 070,Communication,2024,9,2024-09
2024-09-03,202409030900,101,-8000,Fund transfer 090,UFJ,2024,9,2024-09
2024-09-03,202409030901,100,8000,Fund transfer 090,Cash,2024,9,2024-09
2024-09-04,202409040010,101,-29912,Kano HBD Dinner and hotel 001,UFJ,2024,9,2024-09
2024-09-04,202409040011,530,15012,Kano HBD Dinner and hotel 001,Entertainment,2024,9,2024-09
2024-09-04,202409040011,552,14900,Kano HBD Dinner and hotel 001,Presents,2024,9,2024-09
2024-09-04,202409040020,201,-140,Tea 002,JCB Card Debt,2024,9,2024-09
2024-09-04,202409040021,500,140,Tea 002,Groceries,2024,9,2024-09
2024-09-04,202409040030,530,-7000,Kano refund 003,Entertainment,2024,9,2024-09
2024-09-04,202409040031,100,7000,Kano refund 003,Cash,2024,9,2024-09
2024-09-04,202409040040,101,-5496,Kyoto food 004,UFJ,2024,9,2024-09
2024-09-04,202409040041,530,5496,Kyoto food 004,Entertainment,2024,9,2024-09
2024-09-05,202409050010,100,-5250,Data school drinking 001,Cash,2024,9,2024-09
2024-09-05,202409050011,550,5250,Data school drinking 001,Social Expenses,2024,9,2024-09
2024-09-05,202409050020,100,-539,Meidai 002,Cash,2024,9,2024-09
2024-09-05,202409050021,500,539,Meidai 002,Groceries,2024,9,2024-09
2024-09-05,202409050030,100,-3850,Hitsumabushi 003,Cash,2024,9,2024-09
2024-09-05,202409050031,531,3850,Hitsumabushi 003,Eating Out,2024,9,2024-09
2024-09-05,202409050700,201,-2000,ICOCA Charge 070,JCB Card Debt,2024,9,2024-09
2024-09-05,202409050701,520,2000,ICOCA Charge 070,Communication,2024,9,2024-09
2024-09-06,202409060010,201,-300,Coffee 001,JCB Card Debt,2024,9,2024-09
2024-09-06,202409060011,500,300,Coffee 001,Groceries,2024,9,2024-09
2024-09-06,202409060020,101,-4850,PayPay 002,UFJ,2024,9,2024-09
2024-09-06,202409060021,500,4850,PayPay 002,Groceries,2024,9,2024-09
2024-09-07,202409070010,201,-400,Mask 001,JCB Card Debt,2024,9,2024-09
2024-09-07,202409070011,513,400,Mask 001,Household Goods,2024,9,2024-09
2024-09-08,202409080010,201,-3480,Rooter 001,JCB Card Debt,2024,9,2024-09
2024-09-08,202409080011,513,3480,Rooter 001,Household Goods,2024,9,2024-09
2024-09-08,202409080020,101,-3000,Anagononedoko 002,UFJ,2024,9,2024-09
2024-09-08,202409080021,530,3000,Anagononedoko 002,Entertainment,2024,9,2024-09
2024-09-08,202409080030,101,-1000,PayPay 003,UFJ,2024,9,2024-09
2024-09-08,202409080031,500,1000,PayPay 003,Groceries,2024,9,2024-09
2024-09-08,202409080040,201,-292,Lawson 004,JCB Card Debt,2024,9,2024-09
2024-09-08,202409080041,500,292,Lawson 004,Groceries,2024,9,2024-09
2024-09-08,202409080050,100,-1080,Ginwan 005,Cash,2024,9,2024-09
2024-09-08,202409080051,530,1080,Ginwan 005,Entertainment,2024,9,2024-09
2024-09-08,202409080060,500,-2890,Yakitori 006,Groceries,2024,9,2024-09
2024-09-08,202409080061,530,2890,Yakitori 006,Entertainment,2024,9,2024-09
2024-09-08,202409080900,102,-6000,Fund transfer 090,SBI,2024,9,2024-09
2024-09-08,202409080901,100,6000,Fund transfer 090,Cash,2024,9,2024-09
2024-09-09,202409090010,101,-1150,Onomichi 001,UFJ,2024,9,2024-09
2024-09-09,202409090011,530,1150,Onomichi 001,Entertainment,2024,9,2024-09
2024-09-09,202409090020,201,-150,Drink 002,JCB Card Debt,2024,9,2024-09
2024-09-09,202409090021,500,150,Drink 002,Groceries,2024,9,2024-09
2024-09-09,202409090030,101,-23430,Birkenstock Kano 003,UFJ,2024,9,2024-09
2024-09-09,202409090031,552,23430,Birkenstock Kano 003,Presents,2024,9,2024-09
2024-09-09,202409090040,101,-7800,Onomichi 004,UFJ,2024,9,2024-09
2024-09-09,202409090041,530,7800,Onomichi 004,Entertainment,2024,9,2024-09
2024-09-09,202409090050,101,-4100,PayPay 005,UFJ,2024,9,2024-09
2024-09-09,202409090051,500,4100,PayPay 005,Groceries,2024,9,2024-09
2024-09-09,202409090060,100,-450,Spring 006,Cash,2024,9,2024-09
2024-09-09,202409090061,530,450,Spring 006,Entertainment,2024,9,2024-09
2024-09-09,202409090070,101,-1000,Spring 007,UFJ,2024,9,2024-09
2024-09-09,202409090071,530,1000,Spring 007,Entertainment,2024,9,2024-09
2024-09-09,202409090900,102,-30000,Fund transfer 090,SBI,2024,9,2024-09
2024-09-09,202409090901,101,30000,Fund transfer 090,UFJ,2024,9,2024-09
2024-09-10,202409100010,100,-310,Bridge 001,Cash,2024,9,2024-09
2024-09-10,202409100011,530,310,Bridge 001,Entertainment,2024,9,2024-09
2024-09-10,202409100020,201,-108,Water 002,JCB Card Debt,2024,9,2024-09
2024-09-10,202409100021,500,108,Water 002,Groceries,2024,9,2024-09
2024-09-10,202409100030,201,-1000,Morning 003,JCB Card Debt,2024,9,2024-09
2024-09-10,202409100031,531,1000,Morning 003,Eating Out,2024,9,2024-09
2024-09-10,202409100040,201,-1319,Omiyage 004,JCB Card Debt,2024,9,2024-09
2024-09-10,202409100041,550,1319,Omiyage 004,Social Expenses,2024,9,2024-09
2024-09-10,202409100050,101,-3738,Omiyage 005,UFJ,2024,9,2024-09
2024-09-10,202409100051,550,3738,Omiyage 005,Social Expenses,2024,9,2024-09
2024-09-10,202409100060,101,-1340,PayPay 006,UFJ,2024,9,2024-09
2024-09-10,202409100061,500,1340,PayPay 006,Groceries,2024,9,2024-09
2024-09-10,202409100900,102,-40000,Fund transfer 090,SBI,2024,9,2024-09
2024-09-10,202409100901,101,40000,Fund transfer 090,UFJ,2024,9,2024-09
2024-09-10,202409105990,101,-51044,JCB direct debit 599,UFJ,2024,9,2024-09
2024-09-10,202409105991,201,51044,JCB direct debit 599,JCB Card Debt,2024,9,2024-09
2024-09-11,202409110010,101,-1494,Takopa 001,UFJ,2024,9,2024-09
2024-09-11,202409110011,530,1494,Takopa 001,Entertainment,2024,9,2024-09
2024-09-11,202409110020,530,-1087,Refund 002,Entertainment,2024,9,2024-09
2024-09-11,202409110021,101,1087,Refund 002,UFJ,2024,9,2024-09
2024-09-11,202409110070,101,-2890,Round 1 007,UFJ,2024,9,2024-09
2024-09-11,202409110071,530,2890,Round 1 007,Entertainment,2024,9,2024-09
2024-09-13,202409130010,400,-56656,Cram Salary 001,Salary,2024,9,2024-09
2024-09-13,202409130011,101,56656,Cram Salary 001,UFJ,2024,9,2024-09
2024-09-15,202409150010,101,-1540,Diary 001,UFJ,2024,9,2024-09
2024-09-15,202409150011,532,1540,Diary 001,Entertaining Equipments,2024,9,2024-09
2024-09-15,202409150500,101,-480,SPOTIFY 050,UFJ,2024,9,2024-09
2024-09-15,202409150501,530,480,SPOTIFY 050,Entertainment,2024,9,2024-09
2024-09-16,202409160010,201,-238,Snack 001,JCB Card Debt,2024,9,2024-09
2024-09-16,202409160011,501,238,Snack 001,Snacks,2024,9,2024-09
2024-09-17,202409170011,531,4100,Tenma 001,Eating Out,2024,9,2024-09
2024-09-17,202409170020,100,-2000,Tenma 002,Cash,2024,9,2024-09
2024-09-17,202409170021,530,2000,Tenma 002,Entertainment,2024,9,2024-09
2024-09-18,202409180011,500,2000,PayPay 001,Groceries,2024,9,2024-09
2024-09-19,202409190010,500,-2000,Parttime party 001,Groceries,2024,9,2024-09
2024-09-19,202409190010,100,-1000,Parttime party 001,Cash,2024,9,2024-09
2024-09-19,202409190011,550,3000,Parttime party 001,Social Expenses,2024,9,2024-09
2024-09-19,202409190400,101,-300,Amaozn Prime 040,UFJ,2024,9,2024-09
2024-09-19,202409190401,598,300,Amaozn Prime 040,Miscellaneous Expenses,2024,9,2024-09
2024-09-30,202409303000,300,-129296,Carryover 300,Total Equity,2024,9,2024-09
2024-09-30,202409306001,600,48291,Carryover 600,Profit and Loss,2024,9,2024-09
2024-10-01,202410011000,100,-75247,Carryover 100,Cash,2024,10,2024-10
2024-10-01,202410011010,101,-37269,Carryover 101,UFJ,2024,10,2024-10
2024-10-01,202410011021,102,127432,Carryover 102,SBI,2024,10,2024-10
2024-10-01,202410011101,110,17655,Carryover 110,SBISTOCKS,2024,10,2024-10
2024-10-01,202410011111,111,125730,Carryover 111,SBIStocksNISA,2024,10,2024-10
2024-10-01,202410011301,130,27398,Carryover 130,Borrowings,2024,10,2024-10
2024-10-01,202410012000,200,-2250,Carryover 200,Credit Card Debt,2024,10,2024-10
2024-10-01,202410012010,201,-110825,Carryover 201,JCB Card Debt,2024,10,2024-10
2024-10-01,202410012801,280,0,Carryover 280,Deposit,2024,10,2024-10
2024-10-01,202410013000,300,-129296,Carryover 300,Total Equity,2024,10,2024-10
